age,PFT_long,relative_mean,s
0,BNE,0,Control
0,IBS,0,Control
0,TeBS,0,Control
0,Tundra,0,Control
0,otherC,0,Control
1,BNE,0,Control
1,IBS,0,Control
1,TeBS,0,Control
1,Tundra,0,Control
1,otherC,0,Control
2,BNE,0.003815994057585265,Control
2,IBS,0.03189724592752475,Control
2,TeBS,2.696217207258226e-5,Control
2,Tundra,0.8906041901557419,Control
2,otherC,0.05683121231378423,Control
3,BNE,0.007540092392046955,Control
3,IBS,0.031177471339953477,Control
3,TeBS,7.651433537439309e-5,Control
3,Tundra,0.8894869531736501,Control
3,otherC,0.05489457338568374,Control
4,BNE,0.009802430135475815,Control
4,IBS,0.03269315716374199,Control
4,TeBS,3.479356513996592e-4,Control
4,Tundra,0.8833464930946734,Control
4,otherC,0.05698558858141782,Control
5,BNE,0.010975139697687758,Control
5,IBS,0.03627634101973749,Control
5,TeBS,3.6865971590655194e-4,Control
5,Tundra,0.8777615244542053,Control
5,otherC,0.05779393973917168,Control
6,BNE,0.012164381522270997,Control
6,IBS,0.03997550164609974,Control
6,TeBS,4.457059301141861e-4,Control
6,Tundra,0.8686103036249578,Control
6,otherC,0.061979711903265934,Control
7,BNE,0.032171774995396134,Control
7,IBS,0.04306375741106331,Control
7,TeBS,6.579256779769313e-4,Control
7,Tundra,0.8422644622431991,Control
7,otherC,0.06501768429907326,Control
8,BNE,0.0364156968448922,Control
8,IBS,0.046898195609924025,Control
8,TeBS,7.495126419402694e-4,Control
8,Tundra,0.8272720984715286,Control
8,otherC,0.07184010105842364,Control
9,BNE,0.04110057692382346,Control
9,IBS,0.05066744711449927,Control
9,TeBS,8.028130711881556e-4,Control
9,Tundra,0.8113109015686367,Control
9,otherC,0.0792938659485611,Control
10,BNE,0.04619574256121067,Control
10,IBS,0.05368820095334237,Control
10,TeBS,8.638635624641834e-4,Control
10,Tundra,0.7952097565986314,Control
10,otherC,0.0872180409510601,Control
11,BNE,0.05200050985200608,Control
11,IBS,0.057091896921753336,Control
11,TeBS,0.0010376160730142475,Control
11,Tundra,0.7781760662876992,Control
11,otherC,0.09486951549223592,Control
12,BNE,0.06771577616203124,Control
12,IBS,0.06017884047107104,Control
12,TeBS,0.0012017334572417442,Control
12,Tundra,0.7524068576175483,Control
12,otherC,0.10167239691881638,Control
13,BNE,0.07560867023663946,Control
13,IBS,0.06473923366654069,Control
13,TeBS,0.0013788023988699548,Control
13,Tundra,0.7317907760950292,Control
13,otherC,0.10965812222962944,Control
14,BNE,0.08329799967457392,Control
14,IBS,0.06972690329940924,Control
14,TeBS,0.0015985635888009918,Control
14,Tundra,0.7105437708566235,Control
14,otherC,0.11800836720730112,Control
15,BNE,0.09217686306726575,Control
15,IBS,0.07447257099628524,Control
15,TeBS,0.0018167557531524755,Control
15,Tundra,0.6882255059524749,Control
15,otherC,0.1264839088575304,Control
16,BNE,0.09997266252417543,Control
16,IBS,0.07917624672660588,Control
16,TeBS,0.0020663917369860246,Control
16,Tundra,0.6680260283240929,Control
16,otherC,0.13393427531484856,Control
17,BNE,0.11419504544478803,Control
17,IBS,0.08366698305836619,Control
17,TeBS,0.0023487474953179485,Control
17,Tundra,0.6433553521980622,Control
17,otherC,0.13960947643017435,Control
18,BNE,0.12254658809926397,Control
18,IBS,0.0882155654802903,Control
18,TeBS,0.0026314445232321275,Control
18,Tundra,0.6236117595865133,Control
18,otherC,0.1461702469374091,Control
19,BNE,0.1303658822016082,Control
19,IBS,0.09272422152076681,Control
19,TeBS,0.0028981999951473198,Control
19,Tundra,0.6051368258205109,Control
19,otherC,0.15205047508867559,Control
20,BNE,0.13795475379986322,Control
20,IBS,0.09732465561352155,Control
20,TeBS,0.0031246579137855298,Control
20,Tundra,0.5874477072184416,Control
20,otherC,0.15732383008109685,Control
21,BNE,0.1456204097606313,Control
21,IBS,0.10090480366058306,Control
21,TeBS,0.0034422181884545804,Control
21,Tundra,0.5715178026449577,Control
21,otherC,0.16169037037208214,Control
22,BNE,0.15539835666958426,Control
22,IBS,0.10457938463090945,Control
22,TeBS,0.00381250523837274,Control
22,Tundra,0.5551626352615849,Control
22,otherC,0.16422272282625733,Control
23,BNE,0.16250923597649902,Control
23,IBS,0.10869128968089277,Control
23,TeBS,0.004127793495335059,Control
23,Tundra,0.5395022814545148,Control
23,otherC,0.16834500401946711,Control
24,BNE,0.16916434682538273,Control
24,IBS,0.11258062666244344,Control
24,TeBS,0.004509071301470587,Control
24,Tundra,0.5250626528440971,Control
24,otherC,0.1718589069933148,Control
25,BNE,0.17550167910445477,Control
25,IBS,0.11682766126861475,Control
25,TeBS,0.004837339366653779,Control
25,Tundra,0.5105572772008641,Control
25,otherC,0.17545164768612148,Control
26,BNE,0.18189287053827713,Control
26,IBS,0.12082769855891078,Control
26,TeBS,0.005140316921551689,Control
26,Tundra,0.4968714317523782,Control
26,otherC,0.1784432868555909,Control
27,BNE,0.18871845176372093,Control
27,IBS,0.12477047993152716,Control
27,TeBS,0.005447671442616574,Control
27,Tundra,0.4841967397022897,Control
27,otherC,0.1800422617865543,Control
28,BNE,0.19464196367815964,Control
28,IBS,0.12915669213490366,Control
28,TeBS,0.005720681781646401,Control
28,Tundra,0.4706369080049914,Control
28,otherC,0.1830193590270077,Control
29,BNE,0.20070187206166049,Control
29,IBS,0.133344911610515,Control
29,TeBS,0.006047561735687145,Control
29,Tundra,0.45756942335321166,Control
29,otherC,0.1855118358656344,Control
30,BNE,0.20641293997302,Control
30,IBS,0.1375723914468999,Control
30,TeBS,0.00632816709459441,Control
30,Tundra,0.44515086715070473,Control
30,otherC,0.18771123896148967,Control
31,BNE,0.2113068834424492,Control
31,IBS,0.14226719480907857,Control
31,TeBS,0.006681883084397048,Control
31,Tundra,0.43324441495746363,Control
31,otherC,0.1896752283333203,Control
32,BNE,0.216966444956926,Control
32,IBS,0.14674815601422359,Control
32,TeBS,0.007055095811470785,Control
32,Tundra,0.42174784585770003,Control
32,otherC,0.19065806198638835,Control
33,BNE,0.22241156686346827,Control
33,IBS,0.1513748378596638,Control
33,TeBS,0.007390701580592161,Control
33,Tundra,0.40935950131450277,Control
33,otherC,0.19263899700848172,Control
34,BNE,0.2275094252389219,Control
34,IBS,0.15620437162059825,Control
34,TeBS,0.00733721281876764,Control
34,Tundra,0.3977937122724879,Control
34,otherC,0.19433088267593301,Control
35,BNE,0.23212634508755953,Control
35,IBS,0.16084599865754728,Control
35,TeBS,0.007702612689999679,Control
35,Tundra,0.3867346757049711,Control
35,otherC,0.1957659724866311,Control
36,BNE,0.23642841542118487,Control
36,IBS,0.1656563459569374,Control
36,TeBS,0.008057226162484922,Control
36,Tundra,0.3757808092847229,Control
36,otherC,0.19725280780137852,Control
37,BNE,0.2410224713024537,Control
37,IBS,0.1703667474025184,Control
37,TeBS,0.008420185154157189,Control
37,Tundra,0.36462085134699673,Control
37,otherC,0.19874534942058267,Control
38,BNE,0.24507316120405134,Control
38,IBS,0.17523152582914417,Control
38,TeBS,0.008682313598350888,Control
38,Tundra,0.3543853315687701,Control
38,otherC,0.19980327242639212,Control
39,BNE,0.24958799018422864,Control
39,IBS,0.17988511525252668,Control
39,TeBS,0.008961785472817126,Control
39,Tundra,0.34329352315165274,Control
39,otherC,0.20144719056548355,Control
40,BNE,0.2536053132921777,Control
40,IBS,0.18437893135136177,Control
40,TeBS,0.009189378232864968,Control
40,Tundra,0.3333877688369273,Control
40,otherC,0.20261421291337697,Control
41,BNE,0.2579391324515916,Control
41,IBS,0.18889077906730137,Control
41,TeBS,0.00948069279712834,Control
41,Tundra,0.3228243092248664,Control
41,otherC,0.20404069108582096,Control
42,BNE,0.261570150100781,Control
42,IBS,0.19349180429321558,Control
42,TeBS,0.009739456046969141,Control
42,Tundra,0.31369842882492305,Control
42,otherC,0.20467576536081994,Control
43,BNE,0.26532309619415523,Control
43,IBS,0.1982013332941726,Control
43,TeBS,0.01002079201923077,Control
43,Tundra,0.3039150717849605,Control
43,otherC,0.20571531133418966,Control
44,BNE,0.2688067608318031,Control
44,IBS,0.2028560838085694,Control
44,TeBS,0.01031135734159417,Control
44,Tundra,0.2942508759412251,Control
44,otherC,0.20695052670351682,Control
45,BNE,0.2724676165664675,Control
45,IBS,0.20738572117088194,Control
45,TeBS,0.010622865176597038,Control
45,Tundra,0.2849355576828141,Control
45,otherC,0.20776384402994819,Control
46,BNE,0.27588807001909765,Control
46,IBS,0.2117282314306855,Control
46,TeBS,0.010866060253836187,Control
46,Tundra,0.27605720212132256,Control
46,otherC,0.20863604080176684,Control
47,BNE,0.2791682625803481,Control
47,IBS,0.21614376004095665,Control
47,TeBS,0.011113572623145886,Control
47,Tundra,0.26771526317922334,Control
47,otherC,0.20903474620303464,Control
48,BNE,0.28277888137686125,Control
48,IBS,0.22040019381922177,Control
48,TeBS,0.011369130131123178,Control
48,Tundra,0.2584741484664024,Control
48,otherC,0.21015325083310005,Control
49,BNE,0.2862019584073812,Control
49,IBS,0.22461123254825383,Control
49,TeBS,0.011617535166401308,Control
49,Tundra,0.24937818177926963,Control
49,otherC,0.21136669672540287,Control
50,BNE,0.2894727451824734,Control
50,IBS,0.22882194579478615,Control
50,TeBS,0.011863491134530639,Control
50,Tundra,0.2411247505687153,Control
50,otherC,0.2118926719462033,Control
51,BNE,0.29254550548500013,Control
51,IBS,0.23271653907289702,Control
51,TeBS,0.012112601712671329,Control
51,Tundra,0.23309180046660502,Control
51,otherC,0.21270915788953534,Control
52,BNE,0.2957303922203439,Control
52,IBS,0.23761128532607087,Control
52,TeBS,0.011552660023845064,Control
52,Tundra,0.22518112341817317,Control
52,otherC,0.2131001436382755,Control
53,BNE,0.29884346567434095,Control
53,IBS,0.2414411365376829,Control
53,TeBS,0.011849601362139995,Control
53,Tundra,0.21689423377383385,Control
53,otherC,0.21414716727871097,Control
54,BNE,0.3017967296005277,Control
54,IBS,0.24619777276842256,Control
54,TeBS,0.01131186746795815,Control
54,Tundra,0.2091389303555659,Control
54,otherC,0.21473030443423444,Control
55,BNE,0.30482026737657186,Control
55,IBS,0.24980216896298368,Control
55,TeBS,0.011623039337941708,Control
55,Tundra,0.20187858202908196,Control
55,otherC,0.21505154692012948,Control
56,BNE,0.3077804936756272,Control
56,IBS,0.25352014157937813,Control
56,TeBS,0.011905078994689287,Control
56,Tundra,0.19444757979858396,Control
56,otherC,0.21552231057843013,Control
57,BNE,0.3111427333219543,Control
57,IBS,0.25713762848568955,Control
57,TeBS,0.012170992093992784,Control
57,Tundra,0.18724392856301258,Control
57,otherC,0.21548032216205934,Control
58,BNE,0.31382967042281557,Control
58,IBS,0.260969496747487,Control
58,TeBS,0.012414922042571601,Control
58,Tundra,0.18011653533727476,Control
58,otherC,0.21584498007655964,Control
59,BNE,0.316851076604218,Control
59,IBS,0.26459600862539545,Control
59,TeBS,0.012662645761387006,Control
59,Tundra,0.17209431529106878,Control
59,otherC,0.21697155834463935,Control
60,BNE,0.3198551824798878,Control
60,IBS,0.2679087758337006,Control
60,TeBS,0.012886623634385601,Control
60,Tundra,0.16489967093173322,Control
60,otherC,0.21762535174700154,Control
61,BNE,0.32269008116415127,Control
61,IBS,0.27133687316136856,Control
61,TeBS,0.013163067938452564,Control
61,Tundra,0.15759070713569964,Control
61,otherC,0.21839487522703674,Control
62,BNE,0.32530044008042414,Control
62,IBS,0.27456116739044134,Control
62,TeBS,0.013372521528550643,Control
62,Tundra,0.15140842781912828,Control
62,otherC,0.2185330478081644,Control
63,BNE,0.3281467814506723,Control
63,IBS,0.2774878935458883,Control
63,TeBS,0.013647254466446369,Control
63,Tundra,0.14478766895767528,Control
63,otherC,0.21910600620602655,Control
64,BNE,0.330857194435644,Control
64,IBS,0.28048062444174926,Control
64,TeBS,0.013888272596160265,Control
64,Tundra,0.13855300299449394,Control
64,otherC,0.2193965101586611,Control
65,BNE,0.33344500452673975,Control
65,IBS,0.2833048284410874,Control
65,TeBS,0.014146471491451141,Control
65,Tundra,0.13242283723758397,Control
65,otherC,0.2198564629298463,Control
66,BNE,0.33585403518176077,Control
66,IBS,0.2858580012341446,Control
66,TeBS,0.014387030205573621,Control
66,Tundra,0.12671265366168455,Control
66,otherC,0.22036388434354512,Control
67,BNE,0.33814956654979067,Control
67,IBS,0.2886913507691535,Control
67,TeBS,0.014655476892485851,Control
67,Tundra,0.12172391671023336,Control
67,otherC,0.21995529370504535,Control
68,BNE,0.34035567375197334,Control
68,IBS,0.291729948334229,Control
68,TeBS,0.014870395149225153,Control
68,Tundra,0.11625376969313063,Control
68,otherC,0.21996581769815055,Control
69,BNE,0.34247555017489845,Control
69,IBS,0.29437715532339936,Control
69,TeBS,0.015141868609692988,Control
69,Tundra,0.11143658471513189,Control
69,otherC,0.21974444580358607,Control
70,BNE,0.3443613647742369,Control
70,IBS,0.29667085985603714,Control
70,TeBS,0.015437388701700534,Control
70,Tundra,0.1069564994888328,Control
70,otherC,0.21974949180590142,Control
71,BNE,0.3464805450824297,Control
71,IBS,0.29859696364227345,Control
71,TeBS,0.015691559505538282,Control
71,Tundra,0.10249017459486699,Control
71,otherC,0.21991636180160024,Control
72,BNE,0.3480183354961189,Control
72,IBS,0.3005581867000548,Control
72,TeBS,0.01595538955270065,Control
72,Tundra,0.09897517808574204,Control
72,otherC,0.21966851479209212,Control
73,BNE,0.34999446930991457,Control
73,IBS,0.3018048298713123,Control
73,TeBS,0.01629198563905044,Control
73,Tundra,0.09479452884692167,Control
73,otherC,0.22028979095950987,Control
74,BNE,0.35177552965286096,Control
74,IBS,0.3036715678667106,Control
74,TeBS,0.01656464118865902,Control
74,Tundra,0.09081746166735817,Control
74,otherC,0.2203464042511198,Control
75,BNE,0.35339797049068844,Control
75,IBS,0.3057826199976573,Control
75,TeBS,0.016852370997094017,Control
75,Tundra,0.08664255899624425,Control
75,otherC,0.22050008414502456,Control
76,BNE,0.3551882938568494,Control
76,IBS,0.3077670381610545,Control
76,TeBS,0.017114673555993196,Control
76,Tundra,0.0830923959967967,Control
76,otherC,0.22001320305601488,Control
77,BNE,0.35677165137329075,Control
77,IBS,0.3091089219296212,Control
77,TeBS,0.01737442601067826,Control
77,Tundra,0.08010381060869505,Control
77,otherC,0.21981679470442345,Control
78,BNE,0.35835492806981,Control
78,IBS,0.31039953110101043,Control
78,TeBS,0.017707410876648875,Control
78,Tundra,0.07673519643740076,Control
78,otherC,0.21997853814183876,Control
79,BNE,0.35972645276104,Control
79,IBS,0.31166131494191335,Control
79,TeBS,0.01796851499513909,Control
79,Tundra,0.07358718134856898,Control
79,otherC,0.22023214058004745,Control
80,BNE,0.3614686224419436,Control
80,IBS,0.31279539791161615,Control
80,TeBS,0.01836005759800729,Control
80,Tundra,0.07048220262342085,Control
80,otherC,0.22006932405172083,Control
81,BNE,0.36306209879975887,Control
81,IBS,0.3145782398842289,Control
81,TeBS,0.01863659951836326,Control
81,Tundra,0.06777399870422968,Control
81,otherC,0.21912466772012812,Control
82,BNE,0.3637464415296177,Control
82,IBS,0.3160188987639236,Control
82,TeBS,0.018917443318945064,Control
82,Tundra,0.06670962294351568,Control
82,otherC,0.21778319807070673,Control
83,BNE,0.3653740594081607,Control
83,IBS,0.3178831807626273,Control
83,TeBS,0.019198088795132656,Control
83,Tundra,0.06440173241317275,Control
83,otherC,0.21631854324761526,Control
84,BNE,0.36656667161022066,Control
84,IBS,0.31902218971781343,Control
84,TeBS,0.019510476497097688,Control
84,Tundra,0.06250129590809804,Control
84,otherC,0.21557497089347905,Control
85,BNE,0.3677611671443633,Control
85,IBS,0.3204308309584628,Control
85,TeBS,0.01978604318592009,Control
85,Tundra,0.0608754511636347,Control
85,otherC,0.21432211217432806,Control
86,BNE,0.3693245394602847,Control
86,IBS,0.32192465336929565,Control
86,TeBS,0.019410374921666564,Control
86,Tundra,0.05874810313965721,Control
86,otherC,0.21376793373580458,Control
87,BNE,0.3699742420959047,Control
87,IBS,0.32280201160934463,Control
87,TeBS,0.01968984791822258,Control
87,Tundra,0.05800696650895899,Control
87,otherC,0.21270253649427795,Control
88,BNE,0.3712708504690317,Control
88,IBS,0.3240171821395895,Control
88,TeBS,0.019391715663041403,Control
88,Tundra,0.056248942611764496,Control
88,otherC,0.2122469137432817,Control
89,BNE,0.37270327278093074,Control
89,IBS,0.3251415740361899,Control
89,TeBS,0.019660929470890733,Control
89,Tundra,0.054542778720577494,Control
89,otherC,0.21112704961812007,Control
90,BNE,0.37462954679189003,Control
90,IBS,0.3260912694709134,Control
90,TeBS,0.01992326606043113,Control
90,Tundra,0.05342205048829788,Control
90,otherC,0.2091094718151762,Control
91,BNE,0.37626479699768167,Control
91,IBS,0.3272106842853939,Control
91,TeBS,0.01861087322802857,Control
91,Tundra,0.05178334210950332,Control
91,otherC,0.2093059080061013,Control
92,BNE,0.37724340593978023,Control
92,IBS,0.32781235131896047,Control
92,TeBS,0.01784127311122368,Control
92,Tundra,0.0511506308101853,Control
92,otherC,0.20912794344655894,Control
93,BNE,0.3785474998521557,Control
93,IBS,0.32893468452846053,Control
93,TeBS,0.01808937673802389,Control
93,Tundra,0.04952408444698682,Control
93,otherC,0.20807995906108187,Control
94,BNE,0.3796269152346998,Control
94,IBS,0.3292169982095482,Control
94,TeBS,0.018326044782123987,Control
94,Tundra,0.04832697684785131,Control
94,otherC,0.2076786695524854,Control
95,BNE,0.3808250443232968,Control
95,IBS,0.3300111100262944,Control
95,TeBS,0.016849490803464814,Control
95,Tundra,0.04742652965873192,Control
95,otherC,0.20806342981492082,Control
96,BNE,0.38216840243202416,Control
96,IBS,0.33058321642159144,Control
96,TeBS,0.017041329849019734,Control
96,Tundra,0.04609998527876698,Control
96,otherC,0.20728267064530637,Control
97,BNE,0.3832024243807099,Control
97,IBS,0.3306675779652487,Control
97,TeBS,0.017208760470958834,Control
97,Tundra,0.045552315154338344,Control
97,otherC,0.20654452665545284,Control
98,BNE,0.38457817085672774,Control
98,IBS,0.33092647405467585,Control
98,TeBS,0.017224253482362763,Control
98,Tundra,0.04481462077784098,Control
98,otherC,0.20563208545510137,Control
99,BNE,0.38579669936177147,Control
99,IBS,0.3317266859942863,Control
99,TeBS,0.016043031203037877,Control
99,Tundra,0.04415606489014459,Control
99,otherC,0.20545312317746864,Control
100,BNE,0.3871793057460502,Control
100,IBS,0.3323582807420964,Control
100,TeBS,0.015567396946944098,Control
100,Tundra,0.043232166470798944,Control
100,otherC,0.20483845472081919,Control
0,BNE,0,SSP1-RCP2.6
0,IBS,0,SSP1-RCP2.6
0,TeBS,0,SSP1-RCP2.6
0,Tundra,0,SSP1-RCP2.6
0,otherC,0,SSP1-RCP2.6
1,BNE,0,SSP1-RCP2.6
1,IBS,0,SSP1-RCP2.6
1,TeBS,0,SSP1-RCP2.6
1,Tundra,0,SSP1-RCP2.6
1,otherC,0,SSP1-RCP2.6
2,BNE,0.0076331064084202375,SSP1-RCP2.6
2,IBS,0.0379446490581268,SSP1-RCP2.6
2,TeBS,1.843586435690441e-4,SSP1-RCP2.6
2,Tundra,0.9013089697032535,SSP1-RCP2.6
2,otherC,0.05292891618663041,SSP1-RCP2.6
3,BNE,0.011033935168067218,SSP1-RCP2.6
3,IBS,0.03951200406494919,SSP1-RCP2.6
3,TeBS,6.740065670542776e-4,SSP1-RCP2.6
3,Tundra,0.895625896145996,SSP1-RCP2.6
3,otherC,0.053154158053933365,SSP1-RCP2.6
4,BNE,0.013307210711131764,SSP1-RCP2.6
4,IBS,0.04509645592872631,SSP1-RCP2.6
4,TeBS,0.0010638701236810545,SSP1-RCP2.6
4,Tundra,0.8834535487364717,SSP1-RCP2.6
4,otherC,0.05707891449998912,SSP1-RCP2.6
5,BNE,0.015128199029073057,SSP1-RCP2.6
5,IBS,0.052491305154373016,SSP1-RCP2.6
5,TeBS,0.0014486488499064565,SSP1-RCP2.6
5,Tundra,0.8677633448206921,SSP1-RCP2.6
5,otherC,0.06316850214595536,SSP1-RCP2.6
6,BNE,0.017579234349099603,SSP1-RCP2.6
6,IBS,0.0614670812426387,SSP1-RCP2.6
6,TeBS,0.001659993597358606,SSP1-RCP2.6
6,Tundra,0.845531145144659,SSP1-RCP2.6
6,otherC,0.07376254566624406,SSP1-RCP2.6
7,BNE,0.042909899698569155,SSP1-RCP2.6
7,IBS,0.07162330525000529,SSP1-RCP2.6
7,TeBS,0.002420598636229766,SSP1-RCP2.6
7,Tundra,0.7981206652396117,SSP1-RCP2.6
7,otherC,0.0849255311755841,SSP1-RCP2.6
8,BNE,0.04985489525366063,SSP1-RCP2.6
8,IBS,0.08274155449426268,SSP1-RCP2.6
8,TeBS,0.002880351585732691,SSP1-RCP2.6
8,Tundra,0.7669192998877562,SSP1-RCP2.6
8,otherC,0.0976038987785878,SSP1-RCP2.6
9,BNE,0.05899514902740467,SSP1-RCP2.6
9,IBS,0.09562363062018177,SSP1-RCP2.6
9,TeBS,0.0034972834569491087,SSP1-RCP2.6
9,Tundra,0.7308062047992595,SSP1-RCP2.6
9,otherC,0.11107773209620493,SSP1-RCP2.6
10,BNE,0.0681417539539342,SSP1-RCP2.6
10,IBS,0.10896028760500955,SSP1-RCP2.6
10,TeBS,0.004196868425485921,SSP1-RCP2.6
10,Tundra,0.6948336076943578,SSP1-RCP2.6
10,otherC,0.1238674823212125,SSP1-RCP2.6
11,BNE,0.07753804507619079,SSP1-RCP2.6
11,IBS,0.12365128896967785,SSP1-RCP2.6
11,TeBS,0.005017055966271589,SSP1-RCP2.6
11,Tundra,0.6576312899492439,SSP1-RCP2.6
11,otherC,0.1361623200386159,SSP1-RCP2.6
12,BNE,0.09450890678721621,SSP1-RCP2.6
12,IBS,0.13875035223389118,SSP1-RCP2.6
12,TeBS,0.0058951383504738325,SSP1-RCP2.6
12,Tundra,0.6148699537232168,SSP1-RCP2.6
12,otherC,0.14597564890520198,SSP1-RCP2.6
13,BNE,0.10457471445794407,SSP1-RCP2.6
13,IBS,0.15506941202555896,SSP1-RCP2.6
13,TeBS,0.006834345571822624,SSP1-RCP2.6
13,Tundra,0.5774586204324909,SSP1-RCP2.6
13,otherC,0.1560629075121835,SSP1-RCP2.6
14,BNE,0.11434087045221955,SSP1-RCP2.6
14,IBS,0.17164021357275538,SSP1-RCP2.6
14,TeBS,0.007832559187105211,SSP1-RCP2.6
14,Tundra,0.5414114596194901,SSP1-RCP2.6
14,otherC,0.16477489716842983,SSP1-RCP2.6
15,BNE,0.12371434805883819,SSP1-RCP2.6
15,IBS,0.1885104148811159,SSP1-RCP2.6
15,TeBS,0.00886901857207492,SSP1-RCP2.6
15,Tundra,0.5061202075887714,SSP1-RCP2.6
15,otherC,0.1727860108991996,SSP1-RCP2.6
16,BNE,0.13315285603337584,SSP1-RCP2.6
16,IBS,0.2054546871418725,SSP1-RCP2.6
16,TeBS,0.009849043654400888,SSP1-RCP2.6
16,Tundra,0.4720147292506365,SSP1-RCP2.6
16,otherC,0.17952868391971422,SSP1-RCP2.6
17,BNE,0.14454090653911225,SSP1-RCP2.6
17,IBS,0.22195242307683072,SSP1-RCP2.6
17,TeBS,0.010924087955050846,SSP1-RCP2.6
17,Tundra,0.43825095098115535,SSP1-RCP2.6
17,otherC,0.1843316314478509,SSP1-RCP2.6
18,BNE,0.1525879903412003,SSP1-RCP2.6
18,IBS,0.23897639016606348,SSP1-RCP2.6
18,TeBS,0.011992544731811838,SSP1-RCP2.6
18,Tundra,0.4075989480883986,SSP1-RCP2.6
18,otherC,0.18884412667252576,SSP1-RCP2.6
19,BNE,0.16022424671334262,SSP1-RCP2.6
19,IBS,0.25526591718471114,SSP1-RCP2.6
19,TeBS,0.013144089171251736,SSP1-RCP2.6
19,Tundra,0.3793110137108911,SSP1-RCP2.6
19,otherC,0.19205473321980346,SSP1-RCP2.6
20,BNE,0.16681962675392492,SSP1-RCP2.6
20,IBS,0.2715726411041092,SSP1-RCP2.6
20,TeBS,0.01420267171325728,SSP1-RCP2.6
20,Tundra,0.35330157986834976,SSP1-RCP2.6
20,otherC,0.19410348056035887,SSP1-RCP2.6
21,BNE,0.17295650378371377,SSP1-RCP2.6
21,IBS,0.2876060214612128,SSP1-RCP2.6
21,TeBS,0.015292209750630463,SSP1-RCP2.6
21,Tundra,0.3287577498136917,SSP1-RCP2.6
21,otherC,0.1953875151907513,SSP1-RCP2.6
22,BNE,0.17928181162988213,SSP1-RCP2.6
22,IBS,0.30360846716463574,SSP1-RCP2.6
22,TeBS,0.01645252909508546,SSP1-RCP2.6
22,Tundra,0.3052311469127423,SSP1-RCP2.6
22,otherC,0.1954260451976545,SSP1-RCP2.6
23,BNE,0.18422419457648156,SSP1-RCP2.6
23,IBS,0.3189833292282103,SSP1-RCP2.6
23,TeBS,0.01759038065211434,SSP1-RCP2.6
23,Tundra,0.28377911766550495,SSP1-RCP2.6
23,otherC,0.19542297787768878,SSP1-RCP2.6
24,BNE,0.18902651089464248,SSP1-RCP2.6
24,IBS,0.3345829504663984,SSP1-RCP2.6
24,TeBS,0.01866121539352285,SSP1-RCP2.6
24,Tundra,0.2628918543942898,SSP1-RCP2.6
24,otherC,0.19483746885114653,SSP1-RCP2.6
25,BNE,0.19324058862586896,SSP1-RCP2.6
25,IBS,0.34912057102215766,SSP1-RCP2.6
25,TeBS,0.019789870237946698,SSP1-RCP2.6
25,Tundra,0.24415681329514133,SSP1-RCP2.6
25,otherC,0.19369215681888524,SSP1-RCP2.6
26,BNE,0.1974558857289675,SSP1-RCP2.6
26,IBS,0.36329180396270194,SSP1-RCP2.6
26,TeBS,0.020916937218829704,SSP1-RCP2.6
26,Tundra,0.22584400957315143,SSP1-RCP2.6
26,otherC,0.19249136351634946,SSP1-RCP2.6
27,BNE,0.2013593620120369,SSP1-RCP2.6
27,IBS,0.37714438577557186,SSP1-RCP2.6
27,TeBS,0.02206238157945838,SSP1-RCP2.6
27,Tundra,0.20876150112081468,SSP1-RCP2.6
27,otherC,0.19067236951211833,SSP1-RCP2.6
28,BNE,0.20490360797663024,SSP1-RCP2.6
28,IBS,0.39001397806790883,SSP1-RCP2.6
28,TeBS,0.023237825844025752,SSP1-RCP2.6
28,Tundra,0.1931699276873896,SSP1-RCP2.6
28,otherC,0.18867466042404554,SSP1-RCP2.6
29,BNE,0.20824277159432816,SSP1-RCP2.6
29,IBS,0.4022820626208134,SSP1-RCP2.6
29,TeBS,0.02427945135532977,SSP1-RCP2.6
29,Tundra,0.17808483584363827,SSP1-RCP2.6
29,otherC,0.1871108785858903,SSP1-RCP2.6
30,BNE,0.21127961219152647,SSP1-RCP2.6
30,IBS,0.4130249813724046,SSP1-RCP2.6
30,TeBS,0.025411356984670577,SSP1-RCP2.6
30,Tundra,0.16459191551023297,SSP1-RCP2.6
30,otherC,0.1856921339411651,SSP1-RCP2.6
31,BNE,0.2144548770790388,SSP1-RCP2.6
31,IBS,0.4228657162734351,SSP1-RCP2.6
31,TeBS,0.026615900462215403,SSP1-RCP2.6
31,Tundra,0.15232893583820523,SSP1-RCP2.6
31,otherC,0.18373457034710558,SSP1-RCP2.6
32,BNE,0.2169508264192671,SSP1-RCP2.6
32,IBS,0.4313325658990397,SSP1-RCP2.6
32,TeBS,0.027846047270454154,SSP1-RCP2.6
32,Tundra,0.14248619387645306,SSP1-RCP2.6
32,otherC,0.18138436653478582,SSP1-RCP2.6
33,BNE,0.2195679656223024,SSP1-RCP2.6
33,IBS,0.4394711006060867,SSP1-RCP2.6
33,TeBS,0.029173963746050066,SSP1-RCP2.6
33,Tundra,0.13246395478136772,SSP1-RCP2.6
33,otherC,0.17932301524419306,SSP1-RCP2.6
34,BNE,0.22194201823755552,SSP1-RCP2.6
34,IBS,0.44712317521223816,SSP1-RCP2.6
34,TeBS,0.0305483376134844,SSP1-RCP2.6
34,Tundra,0.12324951775840676,SSP1-RCP2.6
34,otherC,0.1771369511783154,SSP1-RCP2.6
35,BNE,0.22382639404296803,SSP1-RCP2.6
35,IBS,0.45366478898986756,SSP1-RCP2.6
35,TeBS,0.031939473251086724,SSP1-RCP2.6
35,Tundra,0.11503917760044832,SSP1-RCP2.6
35,otherC,0.17553016611562966,SSP1-RCP2.6
36,BNE,0.22568992587966677,SSP1-RCP2.6
36,IBS,0.4599951496390548,SSP1-RCP2.6
36,TeBS,0.033359081215513745,SSP1-RCP2.6
36,Tundra,0.10722055476084533,SSP1-RCP2.6
36,otherC,0.17373528850491943,SSP1-RCP2.6
37,BNE,0.22741082018086523,SSP1-RCP2.6
37,IBS,0.4660286636137612,SSP1-RCP2.6
37,TeBS,0.03471886710829938,SSP1-RCP2.6
37,Tundra,0.10007775233658087,SSP1-RCP2.6
37,otherC,0.17176389676049314,SSP1-RCP2.6
38,BNE,0.22898356107815865,SSP1-RCP2.6
38,IBS,0.4704867385642276,SSP1-RCP2.6
38,TeBS,0.03620219991664649,SSP1-RCP2.6
38,Tundra,0.09385496008931812,SSP1-RCP2.6
38,otherC,0.17047254035164933,SSP1-RCP2.6
39,BNE,0.2307359006223438,SSP1-RCP2.6
39,IBS,0.4743544562319994,SSP1-RCP2.6
39,TeBS,0.037528273870124876,SSP1-RCP2.6
39,Tundra,0.08833298675397465,SSP1-RCP2.6
39,otherC,0.16904838252155718,SSP1-RCP2.6
40,BNE,0.23225533211653912,SSP1-RCP2.6
40,IBS,0.4782404404913227,SSP1-RCP2.6
40,TeBS,0.03901315649316201,SSP1-RCP2.6
40,Tundra,0.08300568598211283,SSP1-RCP2.6
40,otherC,0.16748538491686327,SSP1-RCP2.6
41,BNE,0.23348699607326212,SSP1-RCP2.6
41,IBS,0.4817520260088942,SSP1-RCP2.6
41,TeBS,0.04047463946172496,SSP1-RCP2.6
41,Tundra,0.07790818391815489,SSP1-RCP2.6
41,otherC,0.16637815453796398,SSP1-RCP2.6
42,BNE,0.23439124268700137,SSP1-RCP2.6
42,IBS,0.4850021115591731,SSP1-RCP2.6
42,TeBS,0.0418898240540829,SSP1-RCP2.6
42,Tundra,0.07360677549038329,SSP1-RCP2.6
42,otherC,0.16511004620935935,SSP1-RCP2.6
43,BNE,0.2354761670456228,SSP1-RCP2.6
43,IBS,0.48796075549381296,SSP1-RCP2.6
43,TeBS,0.043368952279203635,SSP1-RCP2.6
43,Tundra,0.06914274560357402,SSP1-RCP2.6
43,otherC,0.16405137957778668,SSP1-RCP2.6
44,BNE,0.2364193853052744,SSP1-RCP2.6
44,IBS,0.49088903207683265,SSP1-RCP2.6
44,TeBS,0.0446242821539428,SSP1-RCP2.6
44,Tundra,0.06510431802772211,SSP1-RCP2.6
44,otherC,0.16296298243622775,SSP1-RCP2.6
45,BNE,0.2374521866524344,SSP1-RCP2.6
45,IBS,0.49333730837594614,SSP1-RCP2.6
45,TeBS,0.04586828609321183,SSP1-RCP2.6
45,Tundra,0.061431984164021104,SSP1-RCP2.6
45,otherC,0.16191023471438676,SSP1-RCP2.6
46,BNE,0.23827195871279339,SSP1-RCP2.6
46,IBS,0.4955101630090816,SSP1-RCP2.6
46,TeBS,0.04695099763101466,SSP1-RCP2.6
46,Tundra,0.058089111479783476,SSP1-RCP2.6
46,otherC,0.16117776916732693,SSP1-RCP2.6
47,BNE,0.239192252733289,SSP1-RCP2.6
47,IBS,0.497707725292642,SSP1-RCP2.6
47,TeBS,0.04806657592459537,SSP1-RCP2.6
47,Tundra,0.05471511050411451,SSP1-RCP2.6
47,otherC,0.16031833554535918,SSP1-RCP2.6
48,BNE,0.23997294669357402,SSP1-RCP2.6
48,IBS,0.499744742340564,SSP1-RCP2.6
48,TeBS,0.04934901011651372,SSP1-RCP2.6
48,Tundra,0.05157008768618795,SSP1-RCP2.6
48,otherC,0.1593632131631602,SSP1-RCP2.6
49,BNE,0.2410276646388204,SSP1-RCP2.6
49,IBS,0.5016727945472309,SSP1-RCP2.6
49,TeBS,0.05030732388048087,SSP1-RCP2.6
49,Tundra,0.04831598076903391,SSP1-RCP2.6
49,otherC,0.15867623616443338,SSP1-RCP2.6
50,BNE,0.24174662660305024,SSP1-RCP2.6
50,IBS,0.5032039465831213,SSP1-RCP2.6
50,TeBS,0.05149564913044013,SSP1-RCP2.6
50,Tundra,0.04554995989527388,SSP1-RCP2.6
50,otherC,0.15800381778811431,SSP1-RCP2.6
51,BNE,0.2422998922413527,SSP1-RCP2.6
51,IBS,0.5049828531864382,SSP1-RCP2.6
51,TeBS,0.05258176155824744,SSP1-RCP2.6
51,Tundra,0.04286358937946506,SSP1-RCP2.6
51,otherC,0.15727190363449625,SSP1-RCP2.6
52,BNE,0.24296789952450518,SSP1-RCP2.6
52,IBS,0.5069200198806701,SSP1-RCP2.6
52,TeBS,0.05339795827713691,SSP1-RCP2.6
52,Tundra,0.040383811140971435,SSP1-RCP2.6
52,otherC,0.15633031117671634,SSP1-RCP2.6
53,BNE,0.24358850106322608,SSP1-RCP2.6
53,IBS,0.5086316692267531,SSP1-RCP2.6
53,TeBS,0.0541669472973589,SSP1-RCP2.6
53,Tundra,0.037982755922037856,SSP1-RCP2.6
53,otherC,0.15563012649062385,SSP1-RCP2.6
54,BNE,0.24413063061440923,SSP1-RCP2.6
54,IBS,0.5100000813948099,SSP1-RCP2.6
54,TeBS,0.05507198190865893,SSP1-RCP2.6
54,Tundra,0.035801886547201386,SSP1-RCP2.6
54,otherC,0.15499541953492096,SSP1-RCP2.6
55,BNE,0.24478637691367588,SSP1-RCP2.6
55,IBS,0.5115807570265587,SSP1-RCP2.6
55,TeBS,0.0559972470104907,SSP1-RCP2.6
55,Tundra,0.03339358463385973,SSP1-RCP2.6
55,otherC,0.15424203441541523,SSP1-RCP2.6
56,BNE,0.2452658957540621,SSP1-RCP2.6
56,IBS,0.5127423158878599,SSP1-RCP2.6
56,TeBS,0.05676186456010551,SSP1-RCP2.6
56,Tundra,0.03129981464056218,SSP1-RCP2.6
56,otherC,0.15393010915741037,SSP1-RCP2.6
57,BNE,0.24592779307572965,SSP1-RCP2.6
57,IBS,0.5136997758009424,SSP1-RCP2.6
57,TeBS,0.05760131232303061,SSP1-RCP2.6
57,Tundra,0.029429242704782844,SSP1-RCP2.6
57,otherC,0.15334187609551497,SSP1-RCP2.6
58,BNE,0.2461765818942261,SSP1-RCP2.6
58,IBS,0.5157763769797394,SSP1-RCP2.6
58,TeBS,0.05734017012581401,SSP1-RCP2.6
58,Tundra,0.027738013778607806,SSP1-RCP2.6
58,otherC,0.1529688572216133,SSP1-RCP2.6
59,BNE,0.24669034801811882,SSP1-RCP2.6
59,IBS,0.5168155069252808,SSP1-RCP2.6
59,TeBS,0.058041218561001695,SSP1-RCP2.6
59,Tundra,0.02593180454491556,SSP1-RCP2.6
59,otherC,0.15252112195068337,SSP1-RCP2.6
60,BNE,0.2473965214303432,SSP1-RCP2.6
60,IBS,0.517399682784491,SSP1-RCP2.6
60,TeBS,0.058754971756976505,SSP1-RCP2.6
60,Tundra,0.024489967986142135,SSP1-RCP2.6
60,otherC,0.15195885604204715,SSP1-RCP2.6
61,BNE,0.24799461563211764,SSP1-RCP2.6
61,IBS,0.5184950975915288,SSP1-RCP2.6
61,TeBS,0.056773454153772676,SSP1-RCP2.6
61,Tundra,0.023211914047967463,SSP1-RCP2.6
61,otherC,0.1515447205548109,SSP1-RCP2.6
62,BNE,0.24846245891237526,SSP1-RCP2.6
62,IBS,0.5191804474592651,SSP1-RCP2.6
62,TeBS,0.05745588809097883,SSP1-RCP2.6
62,Tundra,0.022843270957303756,SSP1-RCP2.6
62,otherC,0.15106783557017642,SSP1-RCP2.6
63,BNE,0.24896571499658904,SSP1-RCP2.6
63,IBS,0.519783883483958,SSP1-RCP2.6
63,TeBS,0.05818047670506297,SSP1-RCP2.6
63,Tundra,0.021447957575503298,SSP1-RCP2.6
63,otherC,0.15063186822898536,SSP1-RCP2.6
64,BNE,0.24936672784992334,SSP1-RCP2.6
64,IBS,0.5206220539199418,SSP1-RCP2.6
64,TeBS,0.0577572568495736,SSP1-RCP2.6
64,Tundra,0.020168553047437917,SSP1-RCP2.6
64,otherC,0.15010521031332122,SSP1-RCP2.6
65,BNE,0.24994760499833427,SSP1-RCP2.6
65,IBS,0.5210794624461018,SSP1-RCP2.6
65,TeBS,0.05735020329855069,SSP1-RCP2.6
65,Tundra,0.019029237352286635,SSP1-RCP2.6
65,otherC,0.1496231948750234,SSP1-RCP2.6
66,BNE,0.2505149308287974,SSP1-RCP2.6
66,IBS,0.5231373292986855,SSP1-RCP2.6
66,TeBS,0.05616181186725338,SSP1-RCP2.6
66,Tundra,0.01782278385808027,SSP1-RCP2.6
66,otherC,0.1493928471174813,SSP1-RCP2.6
67,BNE,0.25215997002600526,SSP1-RCP2.6
67,IBS,0.5256799009275877,SSP1-RCP2.6
67,TeBS,0.05380161742300747,SSP1-RCP2.6
67,Tundra,0.017248593721825467,SSP1-RCP2.6
67,otherC,0.149129719881772,SSP1-RCP2.6
68,BNE,0.2530283695591426,SSP1-RCP2.6
68,IBS,0.5262260254241268,SSP1-RCP2.6
68,TeBS,0.05286701031790733,SSP1-RCP2.6
68,Tundra,0.016208511909999602,SSP1-RCP2.6
68,otherC,0.14869978575912074,SSP1-RCP2.6
69,BNE,0.2534181069663978,SSP1-RCP2.6
69,IBS,0.5276175679311536,SSP1-RCP2.6
69,TeBS,0.05149258473184969,SSP1-RCP2.6
69,Tundra,0.015956244026585242,SSP1-RCP2.6
69,otherC,0.1485451993143104,SSP1-RCP2.6
70,BNE,0.2540358890013329,SSP1-RCP2.6
70,IBS,0.5282107254458284,SSP1-RCP2.6
70,TeBS,0.051972138824341194,SSP1-RCP2.6
70,Tundra,0.015891431476479628,SSP1-RCP2.6
70,otherC,0.14790961723221543,SSP1-RCP2.6
71,BNE,0.2545256749715095,SSP1-RCP2.6
71,IBS,0.528686210712304,SSP1-RCP2.6
71,TeBS,0.05156125036184989,SSP1-RCP2.6
71,Tundra,0.015976965867502937,SSP1-RCP2.6
71,otherC,0.14726970006703163,SSP1-RCP2.6
72,BNE,0.2563975853224148,SSP1-RCP2.6
72,IBS,0.5302962015265561,SSP1-RCP2.6
72,TeBS,0.05123203244826559,SSP1-RCP2.6
72,Tundra,0.015190798063336066,SSP1-RCP2.6
72,otherC,0.14688338263942807,SSP1-RCP2.6
73,BNE,0.256689738300804,SSP1-RCP2.6
73,IBS,0.5310824412404538,SSP1-RCP2.6
73,TeBS,0.049843497916323684,SSP1-RCP2.6
73,Tundra,0.014583626252087594,SSP1-RCP2.6
73,otherC,0.14780069629033094,SSP1-RCP2.6
74,BNE,0.25717021011716484,SSP1-RCP2.6
74,IBS,0.5318202571722578,SSP1-RCP2.6
74,TeBS,0.04869914133573799,SSP1-RCP2.6
74,Tundra,0.013916294786272567,SSP1-RCP2.6
74,otherC,0.1483940965885668,SSP1-RCP2.6
75,BNE,0.25771989156770947,SSP1-RCP2.6
75,IBS,0.532313012077003,SSP1-RCP2.6
75,TeBS,0.04911207119665058,SSP1-RCP2.6
75,Tundra,0.013307987186436953,SSP1-RCP2.6
75,otherC,0.1475470379722006,SSP1-RCP2.6
76,BNE,0.2582161097381395,SSP1-RCP2.6
76,IBS,0.532765729631826,SSP1-RCP2.6
76,TeBS,0.049578621482824235,SSP1-RCP2.6
76,Tundra,0.01258703125205963,SSP1-RCP2.6
76,otherC,0.14685250789515056,SSP1-RCP2.6
77,BNE,0.2590037653672086,SSP1-RCP2.6
77,IBS,0.5331885181950592,SSP1-RCP2.6
77,TeBS,0.04899260021973121,SSP1-RCP2.6
77,Tundra,0.01299993422627807,SSP1-RCP2.6
77,otherC,0.14581518199172283,SSP1-RCP2.6
78,BNE,0.2596527941994776,SSP1-RCP2.6
78,IBS,0.5337006029266365,SSP1-RCP2.6
78,TeBS,0.04939973179508646,SSP1-RCP2.6
78,Tundra,0.012242439778080982,SSP1-RCP2.6
78,otherC,0.14500443130071858,SSP1-RCP2.6
79,BNE,0.26034610669604036,SSP1-RCP2.6
79,IBS,0.5341486608533749,SSP1-RCP2.6
79,TeBS,0.04972277117495034,SSP1-RCP2.6
79,Tundra,0.011728246756077287,SSP1-RCP2.6
79,otherC,0.1440542145195571,SSP1-RCP2.6
80,BNE,0.26088056966347484,SSP1-RCP2.6
80,IBS,0.5345272787769668,SSP1-RCP2.6
80,TeBS,0.050204729992495464,SSP1-RCP2.6
80,Tundra,0.011113449447066496,SSP1-RCP2.6
80,otherC,0.14327397211999576,SSP1-RCP2.6
81,BNE,0.26129891558373325,SSP1-RCP2.6
81,IBS,0.5350654212943653,SSP1-RCP2.6
81,TeBS,0.04962545261571945,SSP1-RCP2.6
81,Tundra,0.011636016141520995,SSP1-RCP2.6
81,otherC,0.1423741943646611,SSP1-RCP2.6
82,BNE,0.261874174139972,SSP1-RCP2.6
82,IBS,0.5354765960173664,SSP1-RCP2.6
82,TeBS,0.04995067451785563,SSP1-RCP2.6
82,Tundra,0.011029213108734497,SSP1-RCP2.6
82,otherC,0.14166934221607122,SSP1-RCP2.6
83,BNE,0.2622611495643769,SSP1-RCP2.6
83,IBS,0.5359151028230237,SSP1-RCP2.6
83,TeBS,0.05033635841086627,SSP1-RCP2.6
83,Tundra,0.010394558437634614,SSP1-RCP2.6
83,otherC,0.14109283076409768,SSP1-RCP2.6
84,BNE,0.2627663722552035,SSP1-RCP2.6
84,IBS,0.5362757111196876,SSP1-RCP2.6
84,TeBS,0.05074857449982918,SSP1-RCP2.6
84,Tundra,0.009799944850098443,SSP1-RCP2.6
84,otherC,0.14040939727518204,SSP1-RCP2.6
85,BNE,0.26325344728314887,SSP1-RCP2.6
85,IBS,0.5368923024287523,SSP1-RCP2.6
85,TeBS,0.05097732065200666,SSP1-RCP2.6
85,Tundra,0.009156354805068294,SSP1-RCP2.6
85,otherC,0.13972057483102357,SSP1-RCP2.6
86,BNE,0.2636818625824101,SSP1-RCP2.6
86,IBS,0.5371858793687682,SSP1-RCP2.6
86,TeBS,0.05135734506261433,SSP1-RCP2.6
86,Tundra,0.008546472836288227,SSP1-RCP2.6
86,otherC,0.1392284401499194,SSP1-RCP2.6
87,BNE,0.2642341438456382,SSP1-RCP2.6
87,IBS,0.537714252497869,SSP1-RCP2.6
87,TeBS,0.05170722609881157,SSP1-RCP2.6
87,Tundra,0.007847457754706626,SSP1-RCP2.6
87,otherC,0.13849691980297385,SSP1-RCP2.6
88,BNE,0.26468998232466406,SSP1-RCP2.6
88,IBS,0.5378918568621317,SSP1-RCP2.6
88,TeBS,0.051975912316291846,SSP1-RCP2.6
88,Tundra,0.007437441577263337,SSP1-RCP2.6
88,otherC,0.1380048069196492,SSP1-RCP2.6
89,BNE,0.26507080315283343,SSP1-RCP2.6
89,IBS,0.5383952245732203,SSP1-RCP2.6
89,TeBS,0.052349521954428165,SSP1-RCP2.6
89,Tundra,0.006838810661202362,SSP1-RCP2.6
89,otherC,0.13734563965831492,SSP1-RCP2.6
90,BNE,0.26524248449080273,SSP1-RCP2.6
90,IBS,0.5387465131163314,SSP1-RCP2.6
90,TeBS,0.05263806506002178,SSP1-RCP2.6
90,Tundra,0.006544390923747667,SSP1-RCP2.6
90,otherC,0.13682854640909678,SSP1-RCP2.6
91,BNE,0.2657136468674087,SSP1-RCP2.6
91,IBS,0.5390083489844238,SSP1-RCP2.6
91,TeBS,0.05299915396209822,SSP1-RCP2.6
91,Tundra,0.006155990650061988,SSP1-RCP2.6
91,otherC,0.13612285953600714,SSP1-RCP2.6
92,BNE,0.2661671762676395,SSP1-RCP2.6
92,IBS,0.539347176658384,SSP1-RCP2.6
92,TeBS,0.05227702678060711,SSP1-RCP2.6
92,Tundra,0.005886940056220317,SSP1-RCP2.6
92,otherC,0.13533158122724762,SSP1-RCP2.6
93,BNE,0.26637155702168464,SSP1-RCP2.6
93,IBS,0.5397256869294532,SSP1-RCP2.6
93,TeBS,0.051556680318928946,SSP1-RCP2.6
93,Tundra,0.005598722196841115,SSP1-RCP2.6
93,otherC,0.13476715551329008,SSP1-RCP2.6
94,BNE,0.2667342377816348,SSP1-RCP2.6
94,IBS,0.5398936065842659,SSP1-RCP2.6
94,TeBS,0.05195511607015378,SSP1-RCP2.6
94,Tundra,0.005443088454025534,SSP1-RCP2.6
94,otherC,0.13399375309011824,SSP1-RCP2.6
95,BNE,0.26715343608346886,SSP1-RCP2.6
95,IBS,0.5403469952441343,SSP1-RCP2.6
95,TeBS,0.05193495238113604,SSP1-RCP2.6
95,Tundra,0.005212690849419369,SSP1-RCP2.6
95,otherC,0.13337172742203945,SSP1-RCP2.6
96,BNE,0.2676726247135661,SSP1-RCP2.6
96,IBS,0.5402329648626234,SSP1-RCP2.6
96,TeBS,0.052358789513628046,SSP1-RCP2.6
96,Tundra,0.006010928375653691,SSP1-RCP2.6
96,otherC,0.13273459352462727,SSP1-RCP2.6
97,BNE,0.26838688304746966,SSP1-RCP2.6
97,IBS,0.5405634585288576,SSP1-RCP2.6
97,TeBS,0.05265728858073698,SSP1-RCP2.6
97,Tundra,0.005997611081837018,SSP1-RCP2.6
97,otherC,0.13239475876109877,SSP1-RCP2.6
98,BNE,0.2686289286884784,SSP1-RCP2.6
98,IBS,0.5406227179877684,SSP1-RCP2.6
98,TeBS,0.05287702907222112,SSP1-RCP2.6
98,Tundra,0.005749385669606651,SSP1-RCP2.6
98,otherC,0.13212193858192578,SSP1-RCP2.6
99,BNE,0.2689445519815577,SSP1-RCP2.6
99,IBS,0.5406093951127646,SSP1-RCP2.6
99,TeBS,0.053083723198495414,SSP1-RCP2.6
99,Tundra,0.00573778202204919,SSP1-RCP2.6
99,otherC,0.13162454768513338,SSP1-RCP2.6
100,BNE,0.2694117347309164,SSP1-RCP2.6
100,IBS,0.5402674070572705,SSP1-RCP2.6
100,TeBS,0.05339813636439986,SSP1-RCP2.6
100,Tundra,0.0056898123656864445,SSP1-RCP2.6
100,otherC,0.13123290948172647,SSP1-RCP2.6
0,BNE,0,SSP5-RCP8.5
0,IBS,0,SSP5-RCP8.5
0,TeBS,0,SSP5-RCP8.5
0,Tundra,0,SSP5-RCP8.5
0,otherC,0,SSP5-RCP8.5
1,BNE,0,SSP5-RCP8.5
1,IBS,0,SSP5-RCP8.5
1,TeBS,0,SSP5-RCP8.5
1,Tundra,0,SSP5-RCP8.5
1,otherC,0,SSP5-RCP8.5
2,BNE,0.00775732970102383,SSP5-RCP8.5
2,IBS,0.03779172030065552,SSP5-RCP8.5
2,TeBS,1.8471756360874094e-4,SSP5-RCP8.5
2,Tundra,0.9015616218717876,SSP5-RCP8.5
2,otherC,0.05270461056292435,SSP5-RCP8.5
3,BNE,0.011490867351128442,SSP5-RCP8.5
3,IBS,0.04108639262388606,SSP5-RCP8.5
3,TeBS,7.785785048529971e-4,SSP5-RCP8.5
3,Tundra,0.8929315899245159,SSP5-RCP8.5
3,otherC,0.05371257159561662,SSP5-RCP8.5
4,BNE,0.013495047566958138,SSP5-RCP8.5
4,IBS,0.04796928086651253,SSP5-RCP8.5
4,TeBS,0.0011674005868445552,SSP5-RCP8.5
4,Tundra,0.8785369758757673,SSP5-RCP8.5
4,otherC,0.05883129510391751,SSP5-RCP8.5
5,BNE,0.015717538187579164,SSP5-RCP8.5
5,IBS,0.05814698866870246,SSP5-RCP8.5
5,TeBS,0.0015935793158455107,SSP5-RCP8.5
5,Tundra,0.8577511979539778,SSP5-RCP8.5
5,otherC,0.06679069587389504,SSP5-RCP8.5
6,BNE,0.018256774053640453,SSP5-RCP8.5
6,IBS,0.06940165872244687,SSP5-RCP8.5
6,TeBS,0.0019445873372008304,SSP5-RCP8.5
6,Tundra,0.8315056662137763,SSP5-RCP8.5
6,otherC,0.07889131367293549,SSP5-RCP8.5
7,BNE,0.045031504045614526,SSP5-RCP8.5
7,IBS,0.08274478592349128,SSP5-RCP8.5
7,TeBS,0.0029414183132426687,SSP5-RCP8.5
7,Tundra,0.7775654136494689,SSP5-RCP8.5
7,otherC,0.09171687806818261,SSP5-RCP8.5
8,BNE,0.05239895067833298,SSP5-RCP8.5
8,IBS,0.09761607832266675,SSP5-RCP8.5
8,TeBS,0.0035985690010827635,SSP5-RCP8.5
8,Tundra,0.7410176831821363,SSP5-RCP8.5
8,otherC,0.10536871881578112,SSP5-RCP8.5
9,BNE,0.061491744081731185,SSP5-RCP8.5
9,IBS,0.11403500533519793,SSP5-RCP8.5
9,TeBS,0.004359419828291928,SSP5-RCP8.5
9,Tundra,0.700516595616113,SSP5-RCP8.5
9,otherC,0.119597235138666,SSP5-RCP8.5
10,BNE,0.07084518354255881,SSP5-RCP8.5
10,IBS,0.13182133960053286,SSP5-RCP8.5
10,TeBS,0.005317973220879335,SSP5-RCP8.5
10,Tundra,0.659557326803725,SSP5-RCP8.5
10,otherC,0.1324581768323039,SSP5-RCP8.5
11,BNE,0.07998786814039967,SSP5-RCP8.5
11,IBS,0.15063426664939705,SSP5-RCP8.5
11,TeBS,0.006377407053182034,SSP5-RCP8.5
11,Tundra,0.6180886103710855,SSP5-RCP8.5
11,otherC,0.14491184778593574,SSP5-RCP8.5
12,BNE,0.09599609455150203,SSP5-RCP8.5
12,IBS,0.16978845937297501,SSP5-RCP8.5
12,TeBS,0.007496112563967368,SSP5-RCP8.5
12,Tundra,0.5717831366790637,SSP5-RCP8.5
12,otherC,0.15493619683249196,SSP5-RCP8.5
13,BNE,0.10527601658207802,SSP5-RCP8.5
13,IBS,0.19023214705003913,SSP5-RCP8.5
13,TeBS,0.008744058292981943,SSP5-RCP8.5
13,Tundra,0.5309744120219159,SSP5-RCP8.5
13,otherC,0.164773366052985,SSP5-RCP8.5
14,BNE,0.11458891382176575,SSP5-RCP8.5
14,IBS,0.21133688565504227,SSP5-RCP8.5
14,TeBS,0.010027875088269775,SSP5-RCP8.5
14,Tundra,0.49100515790533966,SSP5-RCP8.5
14,otherC,0.1730411675295825,SSP5-RCP8.5
15,BNE,0.12288206603162823,SSP5-RCP8.5
15,IBS,0.23301926103731654,SSP5-RCP8.5
15,TeBS,0.011342113523180672,SSP5-RCP8.5
15,Tundra,0.45255811406376006,SSP5-RCP8.5
15,otherC,0.18019844534411447,SSP5-RCP8.5
16,BNE,0.13055643960904326,SSP5-RCP8.5
16,IBS,0.2543507391097589,SSP5-RCP8.5
16,TeBS,0.012627060218268394,SSP5-RCP8.5
16,Tundra,0.4164974394868772,SSP5-RCP8.5
16,otherC,0.1859683215760523,SSP5-RCP8.5
17,BNE,0.13980392387275242,SSP5-RCP8.5
17,IBS,0.2755479702366039,SSP5-RCP8.5
17,TeBS,0.013990367446858968,SSP5-RCP8.5
17,Tundra,0.3811950712644915,SSP5-RCP8.5
17,otherC,0.18946266717929322,SSP5-RCP8.5
18,BNE,0.14671862500788926,SSP5-RCP8.5
18,IBS,0.2963153623914905,SSP5-RCP8.5
18,TeBS,0.01523141178737837,SSP5-RCP8.5
18,Tundra,0.3491942253806926,SSP5-RCP8.5
18,otherC,0.1925403754325492,SSP5-RCP8.5
19,BNE,0.15255334625433567,SSP5-RCP8.5
19,IBS,0.31673246647001474,SSP5-RCP8.5
19,TeBS,0.0165902997143645,SSP5-RCP8.5
19,Tundra,0.319711654717788,SSP5-RCP8.5
19,otherC,0.19441223284349715,SSP5-RCP8.5
20,BNE,0.1576722723981011,SSP5-RCP8.5
20,IBS,0.33672854293220605,SSP5-RCP8.5
20,TeBS,0.017885140157483104,SSP5-RCP8.5
20,Tundra,0.2924777651837883,SSP5-RCP8.5
20,otherC,0.19523627932842152,SSP5-RCP8.5
21,BNE,0.16199301239314698,SSP5-RCP8.5
21,IBS,0.3560707064507137,SSP5-RCP8.5
21,TeBS,0.01923140353841921,SSP5-RCP8.5
21,Tundra,0.2676318044217867,SSP5-RCP8.5
21,otherC,0.19507307319593345,SSP5-RCP8.5
22,BNE,0.1662469612122936,SSP5-RCP8.5
22,IBS,0.37565618609126183,SSP5-RCP8.5
22,TeBS,0.020553427539703358,SSP5-RCP8.5
22,Tundra,0.24364307438214525,SSP5-RCP8.5
22,otherC,0.19390035077459594,SSP5-RCP8.5
23,BNE,0.17002123494951818,SSP5-RCP8.5
23,IBS,0.39353079568138616,SSP5-RCP8.5
23,TeBS,0.021723895727831136,SSP5-RCP8.5
23,Tundra,0.22209516371292656,SSP5-RCP8.5
23,otherC,0.19262890992833792,SSP5-RCP8.5
24,BNE,0.17293378875834262,SSP5-RCP8.5
24,IBS,0.41260961708347893,SSP5-RCP8.5
24,TeBS,0.02304837996262118,SSP5-RCP8.5
24,Tundra,0.20157988616384298,SSP5-RCP8.5
24,otherC,0.18982832803171443,SSP5-RCP8.5
25,BNE,0.17591621711801533,SSP5-RCP8.5
25,IBS,0.42765061071000504,SSP5-RCP8.5
25,TeBS,0.024249792037504082,SSP5-RCP8.5
25,Tundra,0.1845230291038793,SSP5-RCP8.5
25,otherC,0.18766035103059625,SSP5-RCP8.5
26,BNE,0.17802773370532934,SSP5-RCP8.5
26,IBS,0.44288523237842364,SSP5-RCP8.5
26,TeBS,0.025479177175583637,SSP5-RCP8.5
26,Tundra,0.16843481096626467,SSP5-RCP8.5
26,otherC,0.1851730457743988,SSP5-RCP8.5
27,BNE,0.18033966544077534,SSP5-RCP8.5
27,IBS,0.45603849238613775,SSP5-RCP8.5
27,TeBS,0.026857085151221805,SSP5-RCP8.5
27,Tundra,0.15449780285164125,SSP5-RCP8.5
27,otherC,0.18226695417022404,SSP5-RCP8.5
28,BNE,0.18243266811559772,SSP5-RCP8.5
28,IBS,0.4681396297904665,SSP5-RCP8.5
28,TeBS,0.028264556790321593,SSP5-RCP8.5
28,Tundra,0.14104029584859923,SSP5-RCP8.5
28,otherC,0.18012284945501514,SSP5-RCP8.5
29,BNE,0.18441609925721109,SSP5-RCP8.5
29,IBS,0.47947688418195755,SSP5-RCP8.5
29,TeBS,0.029746132732767102,SSP5-RCP8.5
29,Tundra,0.12918396207226146,SSP5-RCP8.5
29,otherC,0.177176921755803,SSP5-RCP8.5
30,BNE,0.18603238317085763,SSP5-RCP8.5
30,IBS,0.48959036233094483,SSP5-RCP8.5
30,TeBS,0.031152554278432488,SSP5-RCP8.5
30,Tundra,0.11819496192272802,SSP5-RCP8.5
30,otherC,0.17502973829703722,SSP5-RCP8.5
31,BNE,0.1876682753614675,SSP5-RCP8.5
31,IBS,0.498534514682257,SSP5-RCP8.5
31,TeBS,0.03274943431000489,SSP5-RCP8.5
31,Tundra,0.10895851005409389,SSP5-RCP8.5
31,otherC,0.17208926559217658,SSP5-RCP8.5
32,BNE,0.18887717706942592,SSP5-RCP8.5
32,IBS,0.5059582149274136,SSP5-RCP8.5
32,TeBS,0.03435224350060988,SSP5-RCP8.5
32,Tundra,0.10107616613832246,SSP5-RCP8.5
32,otherC,0.16973619836422804,SSP5-RCP8.5
33,BNE,0.19016965928591184,SSP5-RCP8.5
33,IBS,0.513076376508225,SSP5-RCP8.5
33,TeBS,0.03604560106004266,SSP5-RCP8.5
33,Tundra,0.09299887364427804,SSP5-RCP8.5
33,otherC,0.16770948950154266,SSP5-RCP8.5
34,BNE,0.19124988999189327,SSP5-RCP8.5
34,IBS,0.519668215996764,SSP5-RCP8.5
34,TeBS,0.037890743416590544,SSP5-RCP8.5
34,Tundra,0.08561984320611346,SSP5-RCP8.5
34,otherC,0.16557130738863884,SSP5-RCP8.5
35,BNE,0.19201972717393365,SSP5-RCP8.5
35,IBS,0.5253480356171918,SSP5-RCP8.5
35,TeBS,0.03982628772900185,SSP5-RCP8.5
35,Tundra,0.07946305072903508,SSP5-RCP8.5
35,otherC,0.16334289875083724,SSP5-RCP8.5
36,BNE,0.19274907011786901,SSP5-RCP8.5
36,IBS,0.5305508939180479,SSP5-RCP8.5
36,TeBS,0.04194157541322,SSP5-RCP8.5
36,Tundra,0.07372284788491919,SSP5-RCP8.5
36,otherC,0.1610356126659442,SSP5-RCP8.5
37,BNE,0.19328970079509833,SSP5-RCP8.5
37,IBS,0.535284228653503,SSP5-RCP8.5
37,TeBS,0.0439478358260836,SSP5-RCP8.5
37,Tundra,0.06839452117560191,SSP5-RCP8.5
37,otherC,0.15908371354971323,SSP5-RCP8.5
38,BNE,0.19396514067350076,SSP5-RCP8.5
38,IBS,0.5395109535198624,SSP5-RCP8.5
38,TeBS,0.045921276176028814,SSP5-RCP8.5
38,Tundra,0.06332387670039542,SSP5-RCP8.5
38,otherC,0.15727875293021287,SSP5-RCP8.5
39,BNE,0.19447141888038777,SSP5-RCP8.5
39,IBS,0.543484811034718,SSP5-RCP8.5
39,TeBS,0.04798066911843685,SSP5-RCP8.5
39,Tundra,0.05874095812270432,SSP5-RCP8.5
39,otherC,0.1553221428437528,SSP5-RCP8.5
40,BNE,0.19480911987280397,SSP5-RCP8.5
40,IBS,0.5473293782473727,SSP5-RCP8.5
40,TeBS,0.05015809869336051,SSP5-RCP8.5
40,Tundra,0.05438799865292403,SSP5-RCP8.5
40,otherC,0.15331540453353903,SSP5-RCP8.5
41,BNE,0.19511708977565873,SSP5-RCP8.5
41,IBS,0.5502667951688427,SSP5-RCP8.5
41,TeBS,0.052297232816312614,SSP5-RCP8.5
41,Tundra,0.05044501350900123,SSP5-RCP8.5
41,otherC,0.15187386873018519,SSP5-RCP8.5
42,BNE,0.19519274313939858,SSP5-RCP8.5
42,IBS,0.5531399580648516,SSP5-RCP8.5
42,TeBS,0.05443439407563079,SSP5-RCP8.5
42,Tundra,0.04691473251386442,SSP5-RCP8.5
42,otherC,0.15031817220625432,SSP5-RCP8.5
43,BNE,0.19542048498336104,SSP5-RCP8.5
43,IBS,0.5561947685058614,SSP5-RCP8.5
43,TeBS,0.05672419216152065,SSP5-RCP8.5
43,Tundra,0.04273706096166338,SSP5-RCP8.5
43,otherC,0.14892349338759334,SSP5-RCP8.5
44,BNE,0.1952916845338465,SSP5-RCP8.5
44,IBS,0.5592407063017617,SSP5-RCP8.5
44,TeBS,0.0586918832510385,SSP5-RCP8.5
44,Tundra,0.039377032030538994,SSP5-RCP8.5
44,otherC,0.14739869388281407,SSP5-RCP8.5
45,BNE,0.19501610392826127,SSP5-RCP8.5
45,IBS,0.5616072471922229,SSP5-RCP8.5
45,TeBS,0.060853484238043085,SSP5-RCP8.5
45,Tundra,0.03653071203526743,SSP5-RCP8.5
45,otherC,0.1459924526062056,SSP5-RCP8.5
46,BNE,0.1947599730787693,SSP5-RCP8.5
46,IBS,0.5640825755618148,SSP5-RCP8.5
46,TeBS,0.06285389521170189,SSP5-RCP8.5
46,Tundra,0.03380593127472838,SSP5-RCP8.5
46,otherC,0.14449762487298545,SSP5-RCP8.5
47,BNE,0.19454075605472662,SSP5-RCP8.5
47,IBS,0.5666150016788102,SSP5-RCP8.5
47,TeBS,0.06472336988616381,SSP5-RCP8.5
47,Tundra,0.030992809049007503,SSP5-RCP8.5
47,otherC,0.14312806333129205,SSP5-RCP8.5
48,BNE,0.19418500685894066,SSP5-RCP8.5
48,IBS,0.5687746381423211,SSP5-RCP8.5
48,TeBS,0.06660266512592362,SSP5-RCP8.5
48,Tundra,0.028448614889408974,SSP5-RCP8.5
48,otherC,0.14198907498340552,SSP5-RCP8.5
49,BNE,0.19399777575603133,SSP5-RCP8.5
49,IBS,0.5709238304726695,SSP5-RCP8.5
49,TeBS,0.06837335597779615,SSP5-RCP8.5
49,Tundra,0.026176707569004917,SSP5-RCP8.5
49,otherC,0.14052833022449765,SSP5-RCP8.5
50,BNE,0.19371360406508292,SSP5-RCP8.5
50,IBS,0.5730212120700672,SSP5-RCP8.5
50,TeBS,0.06992563170386282,SSP5-RCP8.5
50,Tundra,0.0239784190345353,SSP5-RCP8.5
50,otherC,0.1393611331264524,SSP5-RCP8.5
51,BNE,0.1933483750759841,SSP5-RCP8.5
51,IBS,0.5748823953712258,SSP5-RCP8.5
51,TeBS,0.07150378394369131,SSP5-RCP8.5
51,Tundra,0.02207777148375761,SSP5-RCP8.5
51,otherC,0.1381876741253416,SSP5-RCP8.5
52,BNE,0.19276525675060635,SSP5-RCP8.5
52,IBS,0.5765791049082234,SSP5-RCP8.5
52,TeBS,0.07325463715037187,SSP5-RCP8.5
52,Tundra,0.02033003592673497,SSP5-RCP8.5
52,otherC,0.13707096526406284,SSP5-RCP8.5
53,BNE,0.19226563642283914,SSP5-RCP8.5
53,IBS,0.5783579539501689,SSP5-RCP8.5
53,TeBS,0.07476563337843203,SSP5-RCP8.5
53,Tundra,0.018777511341072053,SSP5-RCP8.5
53,otherC,0.13583326490748746,SSP5-RCP8.5
54,BNE,0.19142784995932854,SSP5-RCP8.5
54,IBS,0.5800889458945305,SSP5-RCP8.5
54,TeBS,0.07638541745944386,SSP5-RCP8.5
54,Tundra,0.017289775379560765,SSP5-RCP8.5
54,otherC,0.13480801130713593,SSP5-RCP8.5
55,BNE,0.19086853732533157,SSP5-RCP8.5
55,IBS,0.5817702840150673,SSP5-RCP8.5
55,TeBS,0.07778473373653934,SSP5-RCP8.5
55,Tundra,0.015879870545953214,SSP5-RCP8.5
55,otherC,0.13369657437710875,SSP5-RCP8.5
56,BNE,0.19026678126135269,SSP5-RCP8.5
56,IBS,0.5834015008998776,SSP5-RCP8.5
56,TeBS,0.07912137312877973,SSP5-RCP8.5
56,Tundra,0.01458163251098178,SSP5-RCP8.5
56,otherC,0.1326287121990076,SSP5-RCP8.5
57,BNE,0.18986285138670858,SSP5-RCP8.5
57,IBS,0.584762414378321,SSP5-RCP8.5
57,TeBS,0.08049567625361023,SSP5-RCP8.5
57,Tundra,0.013297348132383719,SSP5-RCP8.5
57,otherC,0.13158170984897652,SSP5-RCP8.5
58,BNE,0.18916548916955267,SSP5-RCP8.5
58,IBS,0.5865877421320539,SSP5-RCP8.5
58,TeBS,0.08161227593352156,SSP5-RCP8.5
58,Tundra,0.01220111876615198,SSP5-RCP8.5
58,otherC,0.1304333739987193,SSP5-RCP8.5
59,BNE,0.18871031447725078,SSP5-RCP8.5
59,IBS,0.5878360481188913,SSP5-RCP8.5
59,TeBS,0.08286207129890265,SSP5-RCP8.5
59,Tundra,0.0110264372818846,SSP5-RCP8.5
59,otherC,0.12956512882307092,SSP5-RCP8.5
60,BNE,0.18818392277251128,SSP5-RCP8.5
60,IBS,0.5893759413691031,SSP5-RCP8.5
60,TeBS,0.08382447775602359,SSP5-RCP8.5
60,Tundra,0.010031608934537042,SSP5-RCP8.5
60,otherC,0.12858404916782437,SSP5-RCP8.5
61,BNE,0.18758009210827967,SSP5-RCP8.5
61,IBS,0.5907582213656829,SSP5-RCP8.5
61,TeBS,0.08492884181432298,SSP5-RCP8.5
61,Tundra,0.00916771169082494,SSP5-RCP8.5
61,otherC,0.12756513302088987,SSP5-RCP8.5
62,BNE,0.18714473781932317,SSP5-RCP8.5
62,IBS,0.592200879396767,SSP5-RCP8.5
62,TeBS,0.08573933165359797,SSP5-RCP8.5
62,Tundra,0.00831721453604205,SSP5-RCP8.5
62,otherC,0.12659783659426913,SSP5-RCP8.5
63,BNE,0.18652736812943324,SSP5-RCP8.5
63,IBS,0.5937533681013094,SSP5-RCP8.5
63,TeBS,0.08657352275197959,SSP5-RCP8.5
63,Tundra,0.007564881424796302,SSP5-RCP8.5
63,otherC,0.1255808595924815,SSP5-RCP8.5
64,BNE,0.18579463272526542,SSP5-RCP8.5
64,IBS,0.5952106315103535,SSP5-RCP8.5
64,TeBS,0.08744323788044334,SSP5-RCP8.5
64,Tundra,0.006936109874663404,SSP5-RCP8.5
64,otherC,0.12461538800927414,SSP5-RCP8.5
65,BNE,0.185276644363745,SSP5-RCP8.5
65,IBS,0.5965644505170437,SSP5-RCP8.5
65,TeBS,0.08823990962878599,SSP5-RCP8.5
65,Tundra,0.006296166475072753,SSP5-RCP8.5
65,otherC,0.12362282901535278,SSP5-RCP8.5
66,BNE,0.1845760136527499,SSP5-RCP8.5
66,IBS,0.597967764905749,SSP5-RCP8.5
66,TeBS,0.08905093397661651,SSP5-RCP8.5
66,Tundra,0.005700459372064919,SSP5-RCP8.5
66,otherC,0.12270482809282024,SSP5-RCP8.5
67,BNE,0.18384342506160506,SSP5-RCP8.5
67,IBS,0.5994534267020121,SSP5-RCP8.5
67,TeBS,0.08984240880529161,SSP5-RCP8.5
67,Tundra,0.00515648460488552,SSP5-RCP8.5
67,otherC,0.1217042548262058,SSP5-RCP8.5
68,BNE,0.18326874849995814,SSP5-RCP8.5
68,IBS,0.6006105552163302,SSP5-RCP8.5
68,TeBS,0.0906265300804007,SSP5-RCP8.5
68,Tundra,0.004667828784762732,SSP5-RCP8.5
68,otherC,0.12082633741854888,SSP5-RCP8.5
69,BNE,0.1827928971702642,SSP5-RCP8.5
69,IBS,0.6018094073821397,SSP5-RCP8.5
69,TeBS,0.09114738465263887,SSP5-RCP8.5
69,Tundra,0.0042430572162600695,SSP5-RCP8.5
69,otherC,0.12000725357869721,SSP5-RCP8.5
70,BNE,0.18221995302137406,SSP5-RCP8.5
70,IBS,0.6029336247740497,SSP5-RCP8.5
70,TeBS,0.09174673867780085,SSP5-RCP8.5
70,Tundra,0.003818887376742763,SSP5-RCP8.5
70,otherC,0.11928079615003218,SSP5-RCP8.5
71,BNE,0.18163187057727642,SSP5-RCP8.5
71,IBS,0.6040088061026191,SSP5-RCP8.5
71,TeBS,0.09234224283655997,SSP5-RCP8.5
71,Tundra,0.0034762898487865398,SSP5-RCP8.5
71,otherC,0.11854079063475749,SSP5-RCP8.5
72,BNE,0.18123007360341167,SSP5-RCP8.5
72,IBS,0.6050649959916932,SSP5-RCP8.5
72,TeBS,0.09282208063233362,SSP5-RCP8.5
72,Tundra,0.0031979552726083076,SSP5-RCP8.5
72,otherC,0.11768489449995272,SSP5-RCP8.5
73,BNE,0.18067880785425303,SSP5-RCP8.5
73,IBS,0.6060544575986682,SSP5-RCP8.5
73,TeBS,0.0933180618256828,SSP5-RCP8.5
73,Tundra,0.0029179940620795235,SSP5-RCP8.5
73,otherC,0.11703067865931598,SSP5-RCP8.5
74,BNE,0.1800085421910736,SSP5-RCP8.5
74,IBS,0.6070401331337346,SSP5-RCP8.5
74,TeBS,0.09381848932111983,SSP5-RCP8.5
74,Tundra,0.002709096002276448,SSP5-RCP8.5
74,otherC,0.11642373935179494,SSP5-RCP8.5
75,BNE,0.17927921146570877,SSP5-RCP8.5
75,IBS,0.6082166888962337,SSP5-RCP8.5
75,TeBS,0.0942847543244001,SSP5-RCP8.5
75,Tundra,0.002484486443733425,SSP5-RCP8.5
75,otherC,0.1157348588699237,SSP5-RCP8.5
76,BNE,0.17877349242581836,SSP5-RCP8.5
76,IBS,0.6092659503135311,SSP5-RCP8.5
76,TeBS,0.09471963341182846,SSP5-RCP8.5
76,Tundra,0.0022882972417089535,SSP5-RCP8.5
76,otherC,0.1149526266071136,SSP5-RCP8.5
77,BNE,0.17815213857515586,SSP5-RCP8.5
77,IBS,0.6103960928342489,SSP5-RCP8.5
77,TeBS,0.09514752995390703,SSP5-RCP8.5
77,Tundra,0.0021590553636439912,SSP5-RCP8.5
77,otherC,0.11414518327304414,SSP5-RCP8.5
78,BNE,0.17768926255359263,SSP5-RCP8.5
78,IBS,0.6113072303800957,SSP5-RCP8.5
78,TeBS,0.09555428929669862,SSP5-RCP8.5
78,Tundra,0.001993187890780466,SSP5-RCP8.5
78,otherC,0.11345602987883271,SSP5-RCP8.5
79,BNE,0.1769546772548335,SSP5-RCP8.5
79,IBS,0.6122484328715673,SSP5-RCP8.5
79,TeBS,0.09601706277420133,SSP5-RCP8.5
79,Tundra,0.0019104277535469609,SSP5-RCP8.5
79,otherC,0.11286939934585073,SSP5-RCP8.5
80,BNE,0.1763099212669409,SSP5-RCP8.5
80,IBS,0.6133003750512775,SSP5-RCP8.5
80,TeBS,0.09641324502442611,SSP5-RCP8.5
80,Tundra,0.001792056833489716,SSP5-RCP8.5
80,otherC,0.11218440182386578,SSP5-RCP8.5
81,BNE,0.17578383954876597,SSP5-RCP8.5
81,IBS,0.6141707388665978,SSP5-RCP8.5
81,TeBS,0.09675818584427205,SSP5-RCP8.5
81,Tundra,0.0016920287201692996,SSP5-RCP8.5
81,otherC,0.1115952070201943,SSP5-RCP8.5
82,BNE,0.17549102234107591,SSP5-RCP8.5
82,IBS,0.6149926465758474,SSP5-RCP8.5
82,TeBS,0.09703862603039354,SSP5-RCP8.5
82,Tundra,0.0016072562345038387,SSP5-RCP8.5
82,otherC,0.11087044881817903,SSP5-RCP8.5
83,BNE,0.17509102650110275,SSP5-RCP8.5
83,IBS,0.6156888986143023,SSP5-RCP8.5
83,TeBS,0.0974177701568037,SSP5-RCP8.5
83,Tundra,0.0015467924534686287,SSP5-RCP8.5
83,otherC,0.1102555122743234,SSP5-RCP8.5
84,BNE,0.17469787151927724,SSP5-RCP8.5
84,IBS,0.6164339784765379,SSP5-RCP8.5
84,TeBS,0.09768624969611432,SSP5-RCP8.5
84,Tundra,0.0015012243468898725,SSP5-RCP8.5
84,otherC,0.10968067596118045,SSP5-RCP8.5
85,BNE,0.17417257102309608,SSP5-RCP8.5
85,IBS,0.6172356918696817,SSP5-RCP8.5
85,TeBS,0.09787016216994097,SSP5-RCP8.5
85,Tundra,0.00150099898600882,SSP5-RCP8.5
85,otherC,0.10922057595127309,SSP5-RCP8.5
86,BNE,0.17377522222797243,SSP5-RCP8.5
86,IBS,0.6179250330776977,SSP5-RCP8.5
86,TeBS,0.09815498087455092,SSP5-RCP8.5
86,Tundra,0.001507849752088221,SSP5-RCP8.5
86,otherC,0.10863691406769042,SSP5-RCP8.5
87,BNE,0.1731920983395561,SSP5-RCP8.5
87,IBS,0.6186695859294032,SSP5-RCP8.5
87,TeBS,0.09844795353995292,SSP5-RCP8.5
87,Tundra,0.0015071895235465754,SSP5-RCP8.5
87,otherC,0.10818317266754132,SSP5-RCP8.5
88,BNE,0.17272957613454615,SSP5-RCP8.5
88,IBS,0.619458297759497,SSP5-RCP8.5
88,TeBS,0.09865640471338608,SSP5-RCP8.5
88,Tundra,0.001534841837908281,SSP5-RCP8.5
88,otherC,0.10762087955466217,SSP5-RCP8.5
89,BNE,0.17241958716013064,SSP5-RCP8.5
89,IBS,0.620041426110174,SSP5-RCP8.5
89,TeBS,0.09897639277513647,SSP5-RCP8.5
89,Tundra,0.0015332157211946395,SSP5-RCP8.5
89,otherC,0.10702937823336432,SSP5-RCP8.5
90,BNE,0.17209739993772144,SSP5-RCP8.5
90,IBS,0.6205433642678051,SSP5-RCP8.5
90,TeBS,0.09917501124963649,SSP5-RCP8.5
90,Tundra,0.0015807521939534682,SSP5-RCP8.5
90,otherC,0.10660347235088408,SSP5-RCP8.5
91,BNE,0.17183718340559342,SSP5-RCP8.5
91,IBS,0.6210072687908591,SSP5-RCP8.5
91,TeBS,0.09947917696144122,SSP5-RCP8.5
91,Tundra,0.0016523510808098825,SSP5-RCP8.5
91,otherC,0.10602401976129643,SSP5-RCP8.5
92,BNE,0.1717317657600297,SSP5-RCP8.5
92,IBS,0.621321997637137,SSP5-RCP8.5
92,TeBS,0.09971208320242939,SSP5-RCP8.5
92,Tundra,0.0017088983940245369,SSP5-RCP8.5
92,otherC,0.10552525500637934,SSP5-RCP8.5
93,BNE,0.17155752516238496,SSP5-RCP8.5
93,IBS,0.6217209373608694,SSP5-RCP8.5
93,TeBS,0.0999343024163212,SSP5-RCP8.5
93,Tundra,0.0017603622861683899,SSP5-RCP8.5
93,otherC,0.1050268727742556,SSP5-RCP8.5
94,BNE,0.17103863514103937,SSP5-RCP8.5
94,IBS,0.622170753382072,SSP5-RCP8.5
94,TeBS,0.10022931255118564,SSP5-RCP8.5
94,Tundra,0.001854455818944213,SSP5-RCP8.5
94,otherC,0.10470684310675896,SSP5-RCP8.5
95,BNE,0.17083290562015294,SSP5-RCP8.5
95,IBS,0.6226574988810779,SSP5-RCP8.5
95,TeBS,0.100431196357652,SSP5-RCP8.5
95,Tundra,0.0019076309090644643,SSP5-RCP8.5
95,otherC,0.10417076823205301,SSP5-RCP8.5
96,BNE,0.17051179824447776,SSP5-RCP8.5
96,IBS,0.6230615044982013,SSP5-RCP8.5
96,TeBS,0.10070823233242669,SSP5-RCP8.5
96,Tundra,0.0019810725212775922,SSP5-RCP8.5
96,otherC,0.10373739240361714,SSP5-RCP8.5
97,BNE,0.17020671161018414,SSP5-RCP8.5
97,IBS,0.6236233215166919,SSP5-RCP8.5
97,TeBS,0.10092238162232814,SSP5-RCP8.5
97,Tundra,0.0020294837426034938,SSP5-RCP8.5
97,otherC,0.10321810150819269,SSP5-RCP8.5
98,BNE,0.1698362622187752,SSP5-RCP8.5
98,IBS,0.6238602709714308,SSP5-RCP8.5
98,TeBS,0.10131620638665059,SSP5-RCP8.5
98,Tundra,0.002099924952766857,SSP5-RCP8.5
98,otherC,0.10288733547037672,SSP5-RCP8.5
99,BNE,0.1697135518510494,SSP5-RCP8.5
99,IBS,0.6240429702722559,SSP5-RCP8.5
99,TeBS,0.1016049353600326,SSP5-RCP8.5
99,Tundra,0.0021471276353324346,SSP5-RCP8.5
99,otherC,0.10249141488132978,SSP5-RCP8.5
100,BNE,0.16949110919711352,SSP5-RCP8.5
100,IBS,0.624256706677347,SSP5-RCP8.5
100,TeBS,0.10190610434018255,SSP5-RCP8.5
100,Tundra,0.0022355041915941595,SSP5-RCP8.5
100,otherC,0.10211057559376296,SSP5-RCP8.5
